series_id,seasonal,industry_code,region_code,dataelement_code,ratelevel_code,footnote_codes,begin_year,begin_period,end_year,end_period
JTS00000000HIL   ,S,0,0,HI,L,          ,2000,M12,2015,M12
JTS00000000HIR   ,S,0,0,HI,R,          ,2000,M12,2015,M12
JTS00000000JOL   ,S,0,0,JO,L,          ,2000,M12,2015,M12
JTS00000000JOR   ,S,0,0,JO,R,          ,2000,M12,2015,M12
JTS00000000LDL   ,S,0,0,LD,L,          ,2000,M12,2015,M12
JTS00000000LDR   ,S,0,0,LD,R,          ,2000,M12,2015,M12
JTS00000000OSL   ,S,0,0,OS,L,          ,2000,M12,2015,M12
JTS00000000OSR   ,S,0,0,OS,R,          ,2000,M12,2015,M12
JTS00000000QUL   ,S,0,0,QU,L,          ,2000,M12,2015,M12
JTS00000000QUR   ,S,0,0,QU,R,          ,2000,M12,2015,M12
JTS00000000TSL   ,S,0,0,TS,L,          ,2000,M12,2015,M12
JTS00000000TSR   ,S,0,0,TS,R,          ,2000,M12,2015,M12
JTS000000MWHIL   ,S,0,MW,HI,L,          ,2000,M12,2015,M12
JTS000000MWHIR   ,S,0,MW,HI,R,          ,2000,M12,2015,M12
JTS000000MWJOL   ,S,0,MW,JO,L,          ,2000,M12,2015,M12
JTS000000MWJOR   ,S,0,MW,JO,R,          ,2000,M12,2015,M12
JTS000000MWLDL   ,S,0,MW,LD,L,          ,2000,M12,2015,M12
JTS000000MWLDR   ,S,0,MW,LD,R,          ,2000,M12,2015,M12
JTS000000MWQUL   ,S,0,MW,QU,L,          ,2000,M12,2015,M12
JTS000000MWQUR   ,S,0,MW,QU,R,          ,2000,M12,2015,M12
JTS000000MWTSL   ,S,0,MW,TS,L,          ,2000,M12,2015,M12
JTS000000MWTSR   ,S,0,MW,TS,R,          ,2000,M12,2015,M12
JTS000000NEHIL   ,S,0,NE,HI,L,          ,2000,M12,2015,M12
JTS000000NEHIR   ,S,0,NE,HI,R,          ,2000,M12,2015,M12
JTS000000NEJOL   ,S,0,NE,JO,L,          ,2000,M12,2015,M12
JTS000000NEJOR   ,S,0,NE,JO,R,          ,2000,M12,2015,M12
JTS000000NELDL   ,S,0,NE,LD,L,          ,2000,M12,2015,M12
JTS000000NELDR   ,S,0,NE,LD,R,          ,2000,M12,2015,M12
JTS000000NEQUL   ,S,0,NE,QU,L,          ,2000,M12,2015,M12
JTS000000NEQUR   ,S,0,NE,QU,R,          ,2000,M12,2015,M12
JTS000000NETSL   ,S,0,NE,TS,L,          ,2000,M12,2015,M12
JTS000000NETSR   ,S,0,NE,TS,R,          ,2000,M12,2015,M12
JTS000000SOHIL   ,S,0,SO,HI,L,          ,2000,M12,2015,M12
JTS000000SOHIR   ,S,0,SO,HI,R,          ,2000,M12,2015,M12
JTS000000SOJOL   ,S,0,SO,JO,L,          ,2000,M12,2015,M12
JTS000000SOJOR   ,S,0,SO,JO,R,          ,2000,M12,2015,M12
JTS000000SOLDL   ,S,0,SO,LD,L,          ,2000,M12,2015,M12
JTS000000SOLDR   ,S,0,SO,LD,R,          ,2000,M12,2015,M12
JTS000000SOQUL   ,S,0,SO,QU,L,          ,2000,M12,2015,M12
JTS000000SOQUR   ,S,0,SO,QU,R,          ,2000,M12,2015,M12
JTS000000SOTSL   ,S,0,SO,TS,L,          ,2000,M12,2015,M12
JTS000000SOTSR   ,S,0,SO,TS,R,          ,2000,M12,2015,M12
JTS000000WEHIL   ,S,0,WE,HI,L,          ,2000,M12,2015,M12
JTS000000WEHIR   ,S,0,WE,HI,R,          ,2000,M12,2015,M12
JTS000000WEJOL   ,S,0,WE,JO,L,          ,2000,M12,2015,M12
JTS000000WEJOR   ,S,0,WE,JO,R,          ,2000,M12,2015,M12
JTS000000WELDL   ,S,0,WE,LD,L,          ,2000,M12,2015,M12
JTS000000WELDR   ,S,0,WE,LD,R,          ,2000,M12,2015,M12
JTS000000WEQUL   ,S,0,WE,QU,L,          ,2000,M12,2015,M12
JTS000000WEQUR   ,S,0,WE,QU,R,          ,2000,M12,2015,M12
JTS000000WETSL   ,S,0,WE,TS,L,          ,2000,M12,2015,M12
JTS000000WETSR   ,S,0,WE,TS,R,          ,2000,M12,2015,M12
JTS10000000HIL   ,S,100000,0,HI,L,          ,2000,M12,2015,M12
JTS10000000HIR   ,S,100000,0,HI,R,          ,2000,M12,2015,M12
JTS10000000JOL   ,S,100000,0,JO,L,          ,2000,M12,2015,M12
JTS10000000JOR   ,S,100000,0,JO,R,          ,2000,M12,2015,M12
JTS10000000LDL   ,S,100000,0,LD,L,          ,2000,M12,2015,M12
JTS10000000LDR   ,S,100000,0,LD,R,          ,2000,M12,2015,M12
JTS10000000OSL   ,S,100000,0,OS,L,          ,2000,M12,2015,M12
JTS10000000OSR   ,S,100000,0,OS,R,          ,2000,M12,2015,M12
JTS10000000QUL   ,S,100000,0,QU,L,          ,2000,M12,2015,M12
JTS10000000QUR   ,S,100000,0,QU,R,          ,2000,M12,2015,M12
JTS10000000TSL   ,S,100000,0,TS,L,          ,2000,M12,2015,M12
JTS10000000TSR   ,S,100000,0,TS,R,          ,2000,M12,2015,M12
JTS23000000HIL   ,S,230000,0,HI,L,          ,2000,M12,2015,M12
JTS23000000HIR   ,S,230000,0,HI,R,          ,2000,M12,2015,M12
JTS23000000JOL   ,S,230000,0,JO,L,          ,2000,M12,2015,M12
JTS23000000JOR   ,S,230000,0,JO,R,          ,2000,M12,2015,M12
JTS23000000QUL   ,S,230000,0,QU,L,          ,2000,M12,2015,M12
JTS23000000QUR   ,S,230000,0,QU,R,          ,2000,M12,2015,M12
JTS23000000TSL   ,S,230000,0,TS,L,          ,2000,M12,2015,M12
JTS23000000TSR   ,S,230000,0,TS,R,          ,2000,M12,2015,M12
JTS30000000HIL   ,S,300000,0,HI,L,          ,2000,M12,2015,M12
JTS30000000HIR   ,S,300000,0,HI,R,          ,2000,M12,2015,M12
JTS30000000JOL   ,S,300000,0,JO,L,          ,2000,M12,2015,M12
JTS30000000JOR   ,S,300000,0,JO,R,          ,2000,M12,2015,M12
JTS30000000QUL   ,S,300000,0,QU,L,          ,2000,M12,2015,M12
JTS30000000QUR   ,S,300000,0,QU,R,          ,2000,M12,2015,M12
JTS30000000TSL   ,S,300000,0,TS,L,          ,2000,M12,2015,M12
JTS30000000TSR   ,S,300000,0,TS,R,          ,2000,M12,2015,M12
JTS32000000HIL   ,S,320000,0,HI,L,          ,2000,M12,2015,M12
JTS32000000HIR   ,S,320000,0,HI,R,          ,2000,M12,2015,M12
JTS32000000JOL   ,S,320000,0,JO,L,          ,2000,M12,2015,M12
JTS32000000JOR   ,S,320000,0,JO,R,          ,2000,M12,2015,M12
JTS32000000QUL   ,S,320000,0,QU,L,          ,2000,M12,2015,M12
JTS32000000QUR   ,S,320000,0,QU,R,          ,2000,M12,2015,M12
JTS32000000TSL   ,S,320000,0,TS,L,          ,2000,M12,2015,M12
JTS32000000TSR   ,S,320000,0,TS,R,          ,2000,M12,2015,M12
JTS34000000HIL   ,S,340000,0,HI,L,          ,2000,M12,2015,M12
JTS34000000HIR   ,S,340000,0,HI,R,          ,2000,M12,2015,M12
JTS34000000JOL   ,S,340000,0,JO,L,          ,2000,M12,2015,M12
JTS34000000JOR   ,S,340000,0,JO,R,          ,2000,M12,2015,M12
JTS34000000QUL   ,S,340000,0,QU,L,          ,2000,M12,2015,M12
JTS34000000QUR   ,S,340000,0,QU,R,          ,2000,M12,2015,M12
JTS34000000TSL   ,S,340000,0,TS,L,          ,2000,M12,2015,M12
JTS34000000TSR   ,S,340000,0,TS,R,          ,2000,M12,2015,M12
JTS40000000HIL   ,S,400000,0,HI,L,          ,2000,M12,2015,M12
JTS40000000HIR   ,S,400000,0,HI,R,          ,2000,M12,2015,M12
JTS40000000JOL   ,S,400000,0,JO,L,          ,2000,M12,2015,M12
JTS40000000JOR   ,S,400000,0,JO,R,          ,2000,M12,2015,M12
JTS40000000QUL   ,S,400000,0,QU,L,          ,2000,M12,2015,M12
JTS40000000QUR   ,S,400000,0,QU,R,          ,2000,M12,2015,M12
JTS40000000TSL   ,S,400000,0,TS,L,          ,2000,M12,2015,M12
JTS40000000TSR   ,S,400000,0,TS,R,          ,2000,M12,2015,M12
JTS44000000HIL   ,S,440000,0,HI,L,          ,2000,M12,2015,M12
JTS44000000HIR   ,S,440000,0,HI,R,          ,2000,M12,2015,M12
JTS44000000JOL   ,S,440000,0,JO,L,          ,2000,M12,2015,M12
JTS44000000JOR   ,S,440000,0,JO,R,          ,2000,M12,2015,M12
JTS44000000QUL   ,S,440000,0,QU,L,          ,2000,M12,2015,M12
JTS44000000QUR   ,S,440000,0,QU,R,          ,2000,M12,2015,M12
JTS44000000TSL   ,S,440000,0,TS,L,          ,2000,M12,2015,M12
JTS44000000TSR   ,S,440000,0,TS,R,          ,2000,M12,2015,M12
JTS54009900HIL   ,S,540099,0,HI,L,          ,2000,M12,2015,M12
JTS54009900HIR   ,S,540099,0,HI,R,          ,2000,M12,2015,M12
JTS54009900JOL   ,S,540099,0,JO,L,          ,2000,M12,2015,M12
JTS54009900JOR   ,S,540099,0,JO,R,          ,2000,M12,2015,M12
JTS54009900QUL   ,S,540099,0,QU,L,          ,2000,M12,2015,M12
JTS54009900QUR   ,S,540099,0,QU,R,          ,2000,M12,2015,M12
JTS54009900TSL   ,S,540099,0,TS,L,          ,2000,M12,2015,M12
JTS54009900TSR   ,S,540099,0,TS,R,          ,2000,M12,2015,M12
JTS60000000HIL   ,S,600000,0,HI,L,          ,2000,M12,2015,M12
JTS60000000HIR   ,S,600000,0,HI,R,          ,2000,M12,2015,M12
JTS60000000JOL   ,S,600000,0,JO,L,          ,2000,M12,2015,M12
JTS60000000JOR   ,S,600000,0,JO,R,          ,2000,M12,2015,M12
JTS60000000QUL   ,S,600000,0,QU,L,          ,2000,M12,2015,M12
JTS60000000QUR   ,S,600000,0,QU,R,          ,2000,M12,2015,M12
JTS60000000TSL   ,S,600000,0,TS,L,          ,2000,M12,2015,M12
JTS60000000TSR   ,S,600000,0,TS,R,          ,2000,M12,2015,M12
JTS62000000HIL   ,S,620000,0,HI,L,          ,2000,M12,2015,M12
JTS62000000HIR   ,S,620000,0,HI,R,          ,2000,M12,2015,M12
JTS62000000JOL   ,S,620000,0,JO,L,          ,2000,M12,2015,M12
JTS62000000JOR   ,S,620000,0,JO,R,          ,2000,M12,2015,M12
JTS62000000QUL   ,S,620000,0,QU,L,          ,2000,M12,2015,M12
JTS62000000QUR   ,S,620000,0,QU,R,          ,2000,M12,2015,M12
JTS62000000TSL   ,S,620000,0,TS,L,          ,2000,M12,2015,M12
JTS62000000TSR   ,S,620000,0,TS,R,          ,2000,M12,2015,M12
JTS70000000HIL   ,S,700000,0,HI,L,          ,2000,M12,2015,M12
JTS70000000HIR   ,S,700000,0,HI,R,          ,2000,M12,2015,M12
JTS70000000JOL   ,S,700000,0,JO,L,          ,2000,M12,2015,M12
JTS70000000JOR   ,S,700000,0,JO,R,          ,2000,M12,2015,M12
JTS70000000QUL   ,S,700000,0,QU,L,          ,2000,M12,2015,M12
JTS70000000QUR   ,S,700000,0,QU,R,          ,2000,M12,2015,M12
JTS70000000TSL   ,S,700000,0,TS,L,          ,2000,M12,2015,M12
JTS70000000TSR   ,S,700000,0,TS,R,          ,2000,M12,2015,M12
JTS71000000HIL   ,S,710000,0,HI,L,          ,2000,M12,2015,M12
JTS71000000HIR   ,S,710000,0,HI,R,          ,2000,M12,2015,M12
JTS71000000JOL   ,S,710000,0,JO,L,          ,2000,M12,2015,M12
JTS71000000JOR   ,S,710000,0,JO,R,          ,2000,M12,2015,M12
JTS71000000QUL   ,S,710000,0,QU,L,          ,2000,M12,2015,M12
JTS71000000QUR   ,S,710000,0,QU,R,          ,2000,M12,2015,M12
JTS71000000TSL   ,S,710000,0,TS,L,          ,2000,M12,2015,M12
JTS71000000TSR   ,S,710000,0,TS,R,          ,2000,M12,2015,M12
JTS72000000HIL   ,S,720000,0,HI,L,          ,2000,M12,2015,M12
JTS72000000HIR   ,S,720000,0,HI,R,          ,2000,M12,2015,M12
JTS72000000JOL   ,S,720000,0,JO,L,          ,2000,M12,2015,M12
JTS72000000JOR   ,S,720000,0,JO,R,          ,2000,M12,2015,M12
JTS72000000QUL   ,S,720000,0,QU,L,          ,2000,M12,2015,M12
JTS72000000QUR   ,S,720000,0,QU,R,          ,2000,M12,2015,M12
JTS72000000TSL   ,S,720000,0,TS,L,          ,2000,M12,2015,M12
JTS72000000TSR   ,S,720000,0,TS,R,          ,2000,M12,2015,M12
JTS90000000HIL   ,S,900000,0,HI,L,          ,2000,M12,2015,M12
JTS90000000HIR   ,S,900000,0,HI,R,          ,2000,M12,2015,M12
JTS90000000JOL   ,S,900000,0,JO,L,          ,2000,M12,2015,M12
JTS90000000JOR   ,S,900000,0,JO,R,          ,2000,M12,2015,M12
JTS90000000LDL   ,S,900000,0,LD,L,          ,2000,M12,2015,M12
JTS90000000LDR   ,S,900000,0,LD,R,          ,2000,M12,2015,M12
JTS90000000OSL   ,S,900000,0,OS,L,          ,2000,M12,2015,M12
JTS90000000OSR   ,S,900000,0,OS,R,          ,2000,M12,2015,M12
JTS90000000QUL   ,S,900000,0,QU,L,          ,2000,M12,2015,M12
JTS90000000QUR   ,S,900000,0,QU,R,          ,2000,M12,2015,M12
JTS90000000TSL   ,S,900000,0,TS,L,          ,2000,M12,2015,M12
JTS90000000TSR   ,S,900000,0,TS,R,          ,2000,M12,2015,M12
JTS92000000HIL   ,S,920000,0,HI,L,          ,2000,M12,2015,M12
JTS92000000HIR   ,S,920000,0,HI,R,          ,2000,M12,2015,M12
JTS92000000JOL   ,S,920000,0,JO,L,          ,2000,M12,2015,M12
JTS92000000JOR   ,S,920000,0,JO,R,          ,2000,M12,2015,M12
JTS92000000QUL   ,S,920000,0,QU,L,          ,2000,M12,2015,M12
JTS92000000QUR   ,S,920000,0,QU,R,          ,2000,M12,2015,M12
JTS92000000TSL   ,S,920000,0,TS,L,          ,2000,M12,2015,M12
JTS92000000TSR   ,S,920000,0,TS,R,          ,2000,M12,2015,M12
JTU00000000HIL   ,U,0,0,HI,L,          ,2000,M12,2015,M12
JTU00000000HIR   ,U,0,0,HI,R,          ,2000,M12,2015,M12
JTU00000000JOL   ,U,0,0,JO,L,          ,2000,M12,2015,M12
JTU00000000JOR   ,U,0,0,JO,R,          ,2000,M12,2015,M12
JTU00000000LDL   ,U,0,0,LD,L,          ,2000,M12,2015,M12
JTU00000000LDR   ,U,0,0,LD,R,          ,2000,M12,2015,M12
JTU00000000OSL   ,U,0,0,OS,L,          ,2000,M12,2015,M12
JTU00000000OSR   ,U,0,0,OS,R,          ,2000,M12,2015,M12
JTU00000000QUL   ,U,0,0,QU,L,          ,2000,M12,2015,M12
JTU00000000QUR   ,U,0,0,QU,R,          ,2000,M12,2015,M12
JTU00000000TSL   ,U,0,0,TS,L,          ,2000,M12,2015,M12
JTU00000000TSR   ,U,0,0,TS,R,          ,2000,M12,2015,M12
JTU000000MWHIL   ,U,0,MW,HI,L,          ,2000,M12,2015,M12
JTU000000MWHIR   ,U,0,MW,HI,R,          ,2000,M12,2015,M12
JTU000000MWJOL   ,U,0,MW,JO,L,          ,2000,M12,2015,M12
JTU000000MWJOR   ,U,0,MW,JO,R,          ,2000,M12,2015,M12
JTU000000MWLDL   ,U,0,MW,LD,L,          ,2000,M12,2015,M12
JTU000000MWLDR   ,U,0,MW,LD,R,          ,2000,M12,2015,M12
JTU000000MWOSL   ,U,0,MW,OS,L,          ,2000,M12,2015,M12
JTU000000MWOSR   ,U,0,MW,OS,R,          ,2000,M12,2015,M12
JTU000000MWQUL   ,U,0,MW,QU,L,          ,2000,M12,2015,M12
JTU000000MWQUR   ,U,0,MW,QU,R,          ,2000,M12,2015,M12
JTU000000MWTSL   ,U,0,MW,TS,L,          ,2000,M12,2015,M12
JTU000000MWTSR   ,U,0,MW,TS,R,          ,2000,M12,2015,M12
JTU000000NEHIL   ,U,0,NE,HI,L,          ,2000,M12,2015,M12
JTU000000NEHIR   ,U,0,NE,HI,R,          ,2000,M12,2015,M12
JTU000000NEJOL   ,U,0,NE,JO,L,          ,2000,M12,2015,M12
JTU000000NEJOR   ,U,0,NE,JO,R,          ,2000,M12,2015,M12
JTU000000NELDL   ,U,0,NE,LD,L,          ,2000,M12,2015,M12
JTU000000NELDR   ,U,0,NE,LD,R,          ,2000,M12,2015,M12
JTU000000NEOSL   ,U,0,NE,OS,L,          ,2000,M12,2015,M12
JTU000000NEOSR   ,U,0,NE,OS,R,          ,2000,M12,2015,M12
JTU000000NEQUL   ,U,0,NE,QU,L,          ,2000,M12,2015,M12
JTU000000NEQUR   ,U,0,NE,QU,R,          ,2000,M12,2015,M12
JTU000000NETSL   ,U,0,NE,TS,L,          ,2000,M12,2015,M12
JTU000000NETSR   ,U,0,NE,TS,R,          ,2000,M12,2015,M12
JTU000000SOHIL   ,U,0,SO,HI,L,          ,2000,M12,2015,M12
JTU000000SOHIR   ,U,0,SO,HI,R,          ,2000,M12,2015,M12
JTU000000SOJOL   ,U,0,SO,JO,L,          ,2000,M12,2015,M12
JTU000000SOJOR   ,U,0,SO,JO,R,          ,2000,M12,2015,M12
JTU000000SOLDL   ,U,0,SO,LD,L,          ,2000,M12,2015,M12
JTU000000SOLDR   ,U,0,SO,LD,R,          ,2000,M12,2015,M12
JTU000000SOOSL   ,U,0,SO,OS,L,          ,2000,M12,2015,M12
JTU000000SOOSR   ,U,0,SO,OS,R,          ,2000,M12,2015,M12
JTU000000SOQUL   ,U,0,SO,QU,L,          ,2000,M12,2015,M12
JTU000000SOQUR   ,U,0,SO,QU,R,          ,2000,M12,2015,M12
JTU000000SOTSL   ,U,0,SO,TS,L,          ,2000,M12,2015,M12
JTU000000SOTSR   ,U,0,SO,TS,R,          ,2000,M12,2015,M12
JTU000000WEHIL   ,U,0,WE,HI,L,          ,2000,M12,2015,M12
JTU000000WEHIR   ,U,0,WE,HI,R,          ,2000,M12,2015,M12
JTU000000WEJOL   ,U,0,WE,JO,L,          ,2000,M12,2015,M12
JTU000000WEJOR   ,U,0,WE,JO,R,          ,2000,M12,2015,M12
JTU000000WELDL   ,U,0,WE,LD,L,          ,2000,M12,2015,M12
JTU000000WELDR   ,U,0,WE,LD,R,          ,2000,M12,2015,M12
JTU000000WEOSL   ,U,0,WE,OS,L,          ,2000,M12,2015,M12
JTU000000WEOSR   ,U,0,WE,OS,R,          ,2000,M12,2015,M12
JTU000000WEQUL   ,U,0,WE,QU,L,          ,2000,M12,2015,M12
JTU000000WEQUR   ,U,0,WE,QU,R,          ,2000,M12,2015,M12
JTU000000WETSL   ,U,0,WE,TS,L,          ,2000,M12,2015,M12
JTU000000WETSR   ,U,0,WE,TS,R,          ,2000,M12,2015,M12
JTU10000000HIL   ,U,100000,0,HI,L,          ,2000,M12,2015,M12
JTU10000000HIR   ,U,100000,0,HI,R,          ,2000,M12,2015,M12
JTU10000000JOL   ,U,100000,0,JO,L,          ,2000,M12,2015,M12
JTU10000000JOR   ,U,100000,0,JO,R,          ,2000,M12,2015,M12
JTU10000000LDL   ,U,100000,0,LD,L,          ,2000,M12,2015,M12
JTU10000000LDR   ,U,100000,0,LD,R,          ,2000,M12,2015,M12
JTU10000000OSL   ,U,100000,0,OS,L,          ,2000,M12,2015,M12
JTU10000000OSR   ,U,100000,0,OS,R,          ,2000,M12,2015,M12
JTU10000000QUL   ,U,100000,0,QU,L,          ,2000,M12,2015,M12
JTU10000000QUR   ,U,100000,0,QU,R,          ,2000,M12,2015,M12
JTU10000000TSL   ,U,100000,0,TS,L,          ,2000,M12,2015,M12
JTU10000000TSR   ,U,100000,0,TS,R,          ,2000,M12,2015,M12
JTU11009900HIL   ,U,110099,0,HI,L,          ,2000,M12,2015,M12
JTU11009900HIR   ,U,110099,0,HI,R,          ,2000,M12,2015,M12
JTU11009900JOL   ,U,110099,0,JO,L,          ,2000,M12,2015,M12
JTU11009900JOR   ,U,110099,0,JO,R,          ,2000,M12,2015,M12
JTU11009900LDL   ,U,110099,0,LD,L,          ,2000,M12,2015,M12
JTU11009900LDR   ,U,110099,0,LD,R,          ,2000,M12,2015,M12
JTU11009900OSL   ,U,110099,0,OS,L,          ,2000,M12,2015,M12
JTU11009900OSR   ,U,110099,0,OS,R,          ,2000,M12,2015,M12
JTU11009900QUL   ,U,110099,0,QU,L,          ,2000,M12,2015,M12
JTU11009900QUR   ,U,110099,0,QU,R,          ,2000,M12,2015,M12
JTU11009900TSL   ,U,110099,0,TS,L,          ,2000,M12,2015,M12
JTU11009900TSR   ,U,110099,0,TS,R,          ,2000,M12,2015,M12
JTU23000000HIL   ,U,230000,0,HI,L,          ,2000,M12,2015,M12
JTU23000000HIR   ,U,230000,0,HI,R,          ,2000,M12,2015,M12
JTU23000000JOL   ,U,230000,0,JO,L,          ,2000,M12,2015,M12
JTU23000000JOR   ,U,230000,0,JO,R,          ,2000,M12,2015,M12
JTU23000000LDL   ,U,230000,0,LD,L,          ,2000,M12,2015,M12
JTU23000000LDR   ,U,230000,0,LD,R,          ,2000,M12,2015,M12
JTU23000000OSL   ,U,230000,0,OS,L,          ,2000,M12,2015,M12
JTU23000000OSR   ,U,230000,0,OS,R,          ,2000,M12,2015,M12
JTU23000000QUL   ,U,230000,0,QU,L,          ,2000,M12,2015,M12
JTU23000000QUR   ,U,230000,0,QU,R,          ,2000,M12,2015,M12
JTU23000000TSL   ,U,230000,0,TS,L,          ,2000,M12,2015,M12
JTU23000000TSR   ,U,230000,0,TS,R,          ,2000,M12,2015,M12
JTU30000000HIL   ,U,300000,0,HI,L,          ,2000,M12,2015,M12
JTU30000000HIR   ,U,300000,0,HI,R,          ,2000,M12,2015,M12
JTU30000000JOL   ,U,300000,0,JO,L,          ,2000,M12,2015,M12
JTU30000000JOR   ,U,300000,0,JO,R,          ,2000,M12,2015,M12
JTU30000000LDL   ,U,300000,0,LD,L,          ,2000,M12,2015,M12
JTU30000000LDR   ,U,300000,0,LD,R,          ,2000,M12,2015,M12
JTU30000000OSL   ,U,300000,0,OS,L,          ,2000,M12,2015,M12
JTU30000000OSR   ,U,300000,0,OS,R,          ,2000,M12,2015,M12
JTU30000000QUL   ,U,300000,0,QU,L,          ,2000,M12,2015,M12
JTU30000000QUR   ,U,300000,0,QU,R,          ,2000,M12,2015,M12
JTU30000000TSL   ,U,300000,0,TS,L,          ,2000,M12,2015,M12
JTU30000000TSR   ,U,300000,0,TS,R,          ,2000,M12,2015,M12
JTU32000000HIL   ,U,320000,0,HI,L,          ,2000,M12,2015,M12
JTU32000000HIR   ,U,320000,0,HI,R,          ,2000,M12,2015,M12
JTU32000000JOL   ,U,320000,0,JO,L,          ,2000,M12,2015,M12
JTU32000000JOR   ,U,320000,0,JO,R,          ,2000,M12,2015,M12
JTU32000000LDL   ,U,320000,0,LD,L,          ,2000,M12,2015,M12
JTU32000000LDR   ,U,320000,0,LD,R,          ,2000,M12,2015,M12
JTU32000000OSL   ,U,320000,0,OS,L,          ,2000,M12,2015,M12
JTU32000000OSR   ,U,320000,0,OS,R,          ,2000,M12,2015,M12
JTU32000000QUL   ,U,320000,0,QU,L,          ,2000,M12,2015,M12
JTU32000000QUR   ,U,320000,0,QU,R,          ,2000,M12,2015,M12
JTU32000000TSL   ,U,320000,0,TS,L,          ,2000,M12,2015,M12
JTU32000000TSR   ,U,320000,0,TS,R,          ,2000,M12,2015,M12
JTU34000000HIL   ,U,340000,0,HI,L,          ,2000,M12,2015,M12
JTU34000000HIR   ,U,340000,0,HI,R,          ,2000,M12,2015,M12
JTU34000000JOL   ,U,340000,0,JO,L,          ,2000,M12,2015,M12
JTU34000000JOR   ,U,340000,0,JO,R,          ,2000,M12,2015,M12
JTU34000000LDL   ,U,340000,0,LD,L,          ,2000,M12,2015,M12
JTU34000000LDR   ,U,340000,0,LD,R,          ,2000,M12,2015,M12
JTU34000000OSL   ,U,340000,0,OS,L,          ,2000,M12,2015,M12
JTU34000000OSR   ,U,340000,0,OS,R,          ,2000,M12,2015,M12
JTU34000000QUL   ,U,340000,0,QU,L,          ,2000,M12,2015,M12
JTU34000000QUR   ,U,340000,0,QU,R,          ,2000,M12,2015,M12
JTU34000000TSL   ,U,340000,0,TS,L,          ,2000,M12,2015,M12
JTU34000000TSR   ,U,340000,0,TS,R,          ,2000,M12,2015,M12
JTU40000000HIL   ,U,400000,0,HI,L,          ,2000,M12,2015,M12
JTU40000000HIR   ,U,400000,0,HI,R,          ,2000,M12,2015,M12
JTU40000000JOL   ,U,400000,0,JO,L,          ,2000,M12,2015,M12
JTU40000000JOR   ,U,400000,0,JO,R,          ,2000,M12,2015,M12
JTU40000000LDL   ,U,400000,0,LD,L,          ,2000,M12,2015,M12
JTU40000000LDR   ,U,400000,0,LD,R,          ,2000,M12,2015,M12
JTU40000000OSL   ,U,400000,0,OS,L,          ,2000,M12,2015,M12
JTU40000000OSR   ,U,400000,0,OS,R,          ,2000,M12,2015,M12
JTU40000000QUL   ,U,400000,0,QU,L,          ,2000,M12,2015,M12
JTU40000000QUR   ,U,400000,0,QU,R,          ,2000,M12,2015,M12
JTU40000000TSL   ,U,400000,0,TS,L,          ,2000,M12,2015,M12
JTU40000000TSR   ,U,400000,0,TS,R,          ,2000,M12,2015,M12
JTU42000000HIL   ,U,420000,0,HI,L,          ,2000,M12,2015,M12
JTU42000000HIR   ,U,420000,0,HI,R,          ,2000,M12,2015,M12
JTU42000000JOL   ,U,420000,0,JO,L,          ,2000,M12,2015,M12
JTU42000000JOR   ,U,420000,0,JO,R,          ,2000,M12,2015,M12
JTU42000000LDL   ,U,420000,0,LD,L,          ,2000,M12,2015,M12
JTU42000000LDR   ,U,420000,0,LD,R,          ,2000,M12,2015,M12
JTU42000000OSL   ,U,420000,0,OS,L,          ,2000,M12,2015,M12
JTU42000000OSR   ,U,420000,0,OS,R,          ,2000,M12,2015,M12
JTU42000000QUL   ,U,420000,0,QU,L,          ,2000,M12,2015,M12
JTU42000000QUR   ,U,420000,0,QU,R,          ,2000,M12,2015,M12
JTU42000000TSL   ,U,420000,0,TS,L,          ,2000,M12,2015,M12
JTU42000000TSR   ,U,420000,0,TS,R,          ,2000,M12,2015,M12
JTU44000000HIL   ,U,440000,0,HI,L,          ,2000,M12,2015,M12
JTU44000000HIR   ,U,440000,0,HI,R,          ,2000,M12,2015,M12
JTU44000000JOL   ,U,440000,0,JO,L,          ,2000,M12,2015,M12
JTU44000000JOR   ,U,440000,0,JO,R,          ,2000,M12,2015,M12
JTU44000000LDL   ,U,440000,0,LD,L,          ,2000,M12,2015,M12
JTU44000000LDR   ,U,440000,0,LD,R,          ,2000,M12,2015,M12
JTU44000000OSL   ,U,440000,0,OS,L,          ,2000,M12,2015,M12
JTU44000000OSR   ,U,440000,0,OS,R,          ,2000,M12,2015,M12
JTU44000000QUL   ,U,440000,0,QU,L,          ,2000,M12,2015,M12
JTU44000000QUR   ,U,440000,0,QU,R,          ,2000,M12,2015,M12
JTU44000000TSL   ,U,440000,0,TS,L,          ,2000,M12,2015,M12
JTU44000000TSR   ,U,440000,0,TS,R,          ,2000,M12,2015,M12
JTU48009900HIL   ,U,480099,0,HI,L,          ,2000,M12,2015,M12
JTU48009900HIR   ,U,480099,0,HI,R,          ,2000,M12,2015,M12
JTU48009900JOL   ,U,480099,0,JO,L,          ,2000,M12,2015,M12
JTU48009900JOR   ,U,480099,0,JO,R,          ,2000,M12,2015,M12
JTU48009900LDL   ,U,480099,0,LD,L,          ,2000,M12,2015,M12
JTU48009900LDR   ,U,480099,0,LD,R,          ,2000,M12,2015,M12
JTU48009900OSL   ,U,480099,0,OS,L,          ,2000,M12,2015,M12
JTU48009900OSR   ,U,480099,0,OS,R,          ,2000,M12,2015,M12
JTU48009900QUL   ,U,480099,0,QU,L,          ,2000,M12,2015,M12
JTU48009900QUR   ,U,480099,0,QU,R,          ,2000,M12,2015,M12
JTU48009900TSL   ,U,480099,0,TS,L,          ,2000,M12,2015,M12
JTU48009900TSR   ,U,480099,0,TS,R,          ,2000,M12,2015,M12
JTU51000000HIL   ,U,510000,0,HI,L,          ,2000,M12,2015,M12
JTU51000000HIR   ,U,510000,0,HI,R,          ,2000,M12,2015,M12
JTU51000000JOL   ,U,510000,0,JO,L,          ,2000,M12,2015,M12
JTU51000000JOR   ,U,510000,0,JO,R,          ,2000,M12,2015,M12
JTU51000000LDL   ,U,510000,0,LD,L,          ,2000,M12,2015,M12
JTU51000000LDR   ,U,510000,0,LD,R,          ,2000,M12,2015,M12
JTU51000000OSL   ,U,510000,0,OS,L,          ,2000,M12,2015,M12
JTU51000000OSR   ,U,510000,0,OS,R,          ,2000,M12,2015,M12
JTU51000000QUL   ,U,510000,0,QU,L,          ,2000,M12,2015,M12
JTU51000000QUR   ,U,510000,0,QU,R,          ,2000,M12,2015,M12
JTU51000000TSL   ,U,510000,0,TS,L,          ,2000,M12,2015,M12
JTU51000000TSR   ,U,510000,0,TS,R,          ,2000,M12,2015,M12
JTU51009900HIL   ,U,510099,0,HI,L,          ,2000,M12,2015,M12
JTU51009900HIR   ,U,510099,0,HI,R,          ,2000,M12,2015,M12
JTU51009900JOL   ,U,510099,0,JO,L,          ,2000,M12,2015,M12
JTU51009900JOR   ,U,510099,0,JO,R,          ,2000,M12,2015,M12
JTU51009900LDL   ,U,510099,0,LD,L,          ,2000,M12,2015,M12
JTU51009900LDR   ,U,510099,0,LD,R,          ,2000,M12,2015,M12
JTU51009900OSL   ,U,510099,0,OS,L,          ,2000,M12,2015,M12
JTU51009900OSR   ,U,510099,0,OS,R,          ,2000,M12,2015,M12
JTU51009900QUL   ,U,510099,0,QU,L,          ,2000,M12,2015,M12
JTU51009900QUR   ,U,510099,0,QU,R,          ,2000,M12,2015,M12
JTU51009900TSL   ,U,510099,0,TS,L,          ,2000,M12,2015,M12
JTU51009900TSR   ,U,510099,0,TS,R,          ,2000,M12,2015,M12
JTU52000000HIL   ,U,520000,0,HI,L,          ,2000,M12,2015,M12
JTU52000000HIR   ,U,520000,0,HI,R,          ,2000,M12,2015,M12
JTU52000000JOL   ,U,520000,0,JO,L,          ,2000,M12,2015,M12
JTU52000000JOR   ,U,520000,0,JO,R,          ,2000,M12,2015,M12
JTU52000000LDL   ,U,520000,0,LD,L,          ,2000,M12,2015,M12
JTU52000000LDR   ,U,520000,0,LD,R,          ,2000,M12,2015,M12
JTU52000000OSL   ,U,520000,0,OS,L,          ,2000,M12,2015,M12
JTU52000000OSR   ,U,520000,0,OS,R,          ,2000,M12,2015,M12
JTU52000000QUL   ,U,520000,0,QU,L,          ,2000,M12,2015,M12
JTU52000000QUR   ,U,520000,0,QU,R,          ,2000,M12,2015,M12
JTU52000000TSL   ,U,520000,0,TS,L,          ,2000,M12,2015,M12
JTU52000000TSR   ,U,520000,0,TS,R,          ,2000,M12,2015,M12
JTU53000000HIL   ,U,530000,0,HI,L,          ,2000,M12,2015,M12
JTU53000000HIR   ,U,530000,0,HI,R,          ,2000,M12,2015,M12
JTU53000000JOL   ,U,530000,0,JO,L,          ,2000,M12,2015,M12
JTU53000000JOR   ,U,530000,0,JO,R,          ,2000,M12,2015,M12
JTU53000000LDL   ,U,530000,0,LD,L,          ,2000,M12,2015,M12
JTU53000000LDR   ,U,530000,0,LD,R,          ,2000,M12,2015,M12
JTU53000000OSL   ,U,530000,0,OS,L,          ,2000,M12,2015,M12
JTU53000000OSR   ,U,530000,0,OS,R,          ,2000,M12,2015,M12
JTU53000000QUL   ,U,530000,0,QU,L,          ,2000,M12,2015,M12
JTU53000000QUR   ,U,530000,0,QU,R,          ,2000,M12,2015,M12
JTU53000000TSL   ,U,530000,0,TS,L,          ,2000,M12,2015,M12
JTU53000000TSR   ,U,530000,0,TS,R,          ,2000,M12,2015,M12
JTU54009900HIL   ,U,540099,0,HI,L,          ,2000,M12,2015,M12
JTU54009900HIR   ,U,540099,0,HI,R,          ,2000,M12,2015,M12
JTU54009900JOL   ,U,540099,0,JO,L,          ,2000,M12,2015,M12
JTU54009900JOR   ,U,540099,0,JO,R,          ,2000,M12,2015,M12
JTU54009900LDL   ,U,540099,0,LD,L,          ,2000,M12,2015,M12
JTU54009900LDR   ,U,540099,0,LD,R,          ,2000,M12,2015,M12
JTU54009900OSL   ,U,540099,0,OS,L,          ,2000,M12,2015,M12
JTU54009900OSR   ,U,540099,0,OS,R,          ,2000,M12,2015,M12
JTU54009900QUL   ,U,540099,0,QU,L,          ,2000,M12,2015,M12
JTU54009900QUR   ,U,540099,0,QU,R,          ,2000,M12,2015,M12
JTU54009900TSL   ,U,540099,0,TS,L,          ,2000,M12,2015,M12
JTU54009900TSR   ,U,540099,0,TS,R,          ,2000,M12,2015,M12
JTU60000000HIL   ,U,600000,0,HI,L,          ,2000,M12,2015,M12
JTU60000000HIR   ,U,600000,0,HI,R,          ,2000,M12,2015,M12
JTU60000000JOL   ,U,600000,0,JO,L,          ,2000,M12,2015,M12
JTU60000000JOR   ,U,600000,0,JO,R,          ,2000,M12,2015,M12
JTU60000000LDL   ,U,600000,0,LD,L,          ,2000,M12,2015,M12
JTU60000000LDR   ,U,600000,0,LD,R,          ,2000,M12,2015,M12
JTU60000000OSL   ,U,600000,0,OS,L,          ,2000,M12,2015,M12
JTU60000000OSR   ,U,600000,0,OS,R,          ,2000,M12,2015,M12
JTU60000000QUL   ,U,600000,0,QU,L,          ,2000,M12,2015,M12
JTU60000000QUR   ,U,600000,0,QU,R,          ,2000,M12,2015,M12
JTU60000000TSL   ,U,600000,0,TS,L,          ,2000,M12,2015,M12
JTU60000000TSR   ,U,600000,0,TS,R,          ,2000,M12,2015,M12
JTU61000000HIL   ,U,610000,0,HI,L,          ,2000,M12,2015,M12
JTU61000000HIR   ,U,610000,0,HI,R,          ,2000,M12,2015,M12
JTU61000000JOL   ,U,610000,0,JO,L,          ,2000,M12,2015,M12
JTU61000000JOR   ,U,610000,0,JO,R,          ,2000,M12,2015,M12
JTU61000000LDL   ,U,610000,0,LD,L,          ,2000,M12,2015,M12
JTU61000000LDR   ,U,610000,0,LD,R,          ,2000,M12,2015,M12
JTU61000000OSL   ,U,610000,0,OS,L,          ,2000,M12,2015,M12
JTU61000000OSR   ,U,610000,0,OS,R,          ,2000,M12,2015,M12
JTU61000000QUL   ,U,610000,0,QU,L,          ,2000,M12,2015,M12
JTU61000000QUR   ,U,610000,0,QU,R,          ,2000,M12,2015,M12
JTU61000000TSL   ,U,610000,0,TS,L,          ,2000,M12,2015,M12
JTU61000000TSR   ,U,610000,0,TS,R,          ,2000,M12,2015,M12
JTU62000000HIL   ,U,620000,0,HI,L,          ,2000,M12,2015,M12
JTU62000000HIR   ,U,620000,0,HI,R,          ,2000,M12,2015,M12
JTU62000000JOL   ,U,620000,0,JO,L,          ,2000,M12,2015,M12
JTU62000000JOR   ,U,620000,0,JO,R,          ,2000,M12,2015,M12
JTU62000000LDL   ,U,620000,0,LD,L,          ,2000,M12,2015,M12
JTU62000000LDR   ,U,620000,0,LD,R,          ,2000,M12,2015,M12
JTU62000000OSL   ,U,620000,0,OS,L,          ,2000,M12,2015,M12
JTU62000000OSR   ,U,620000,0,OS,R,          ,2000,M12,2015,M12
JTU62000000QUL   ,U,620000,0,QU,L,          ,2000,M12,2015,M12
JTU62000000QUR   ,U,620000,0,QU,R,          ,2000,M12,2015,M12
JTU62000000TSL   ,U,620000,0,TS,L,          ,2000,M12,2015,M12
JTU62000000TSR   ,U,620000,0,TS,R,          ,2000,M12,2015,M12
JTU70000000HIL   ,U,700000,0,HI,L,          ,2000,M12,2015,M12
JTU70000000HIR   ,U,700000,0,HI,R,          ,2000,M12,2015,M12
JTU70000000JOL   ,U,700000,0,JO,L,          ,2000,M12,2015,M12
JTU70000000JOR   ,U,700000,0,JO,R,          ,2000,M12,2015,M12
JTU70000000LDL   ,U,700000,0,LD,L,          ,2000,M12,2015,M12
JTU70000000LDR   ,U,700000,0,LD,R,          ,2000,M12,2015,M12
JTU70000000OSL   ,U,700000,0,OS,L,          ,2000,M12,2015,M12
JTU70000000OSR   ,U,700000,0,OS,R,          ,2000,M12,2015,M12
JTU70000000QUL   ,U,700000,0,QU,L,          ,2000,M12,2015,M12
JTU70000000QUR   ,U,700000,0,QU,R,          ,2000,M12,2015,M12
JTU70000000TSL   ,U,700000,0,TS,L,          ,2000,M12,2015,M12
JTU70000000TSR   ,U,700000,0,TS,R,          ,2000,M12,2015,M12
JTU71000000HIL   ,U,710000,0,HI,L,          ,2000,M12,2015,M12
JTU71000000HIR   ,U,710000,0,HI,R,          ,2000,M12,2015,M12
JTU71000000JOL   ,U,710000,0,JO,L,          ,2000,M12,2015,M12
JTU71000000JOR   ,U,710000,0,JO,R,          ,2000,M12,2015,M12
JTU71000000LDL   ,U,710000,0,LD,L,          ,2000,M12,2015,M12
JTU71000000LDR   ,U,710000,0,LD,R,          ,2000,M12,2015,M12
JTU71000000OSL   ,U,710000,0,OS,L,          ,2000,M12,2015,M12
JTU71000000OSR   ,U,710000,0,OS,R,          ,2000,M12,2015,M12
JTU71000000QUL   ,U,710000,0,QU,L,          ,2000,M12,2015,M12
JTU71000000QUR   ,U,710000,0,QU,R,          ,2000,M12,2015,M12
JTU71000000TSL   ,U,710000,0,TS,L,          ,2000,M12,2015,M12
JTU71000000TSR   ,U,710000,0,TS,R,          ,2000,M12,2015,M12
JTU72000000HIL   ,U,720000,0,HI,L,          ,2000,M12,2015,M12
JTU72000000HIR   ,U,720000,0,HI,R,          ,2000,M12,2015,M12
JTU72000000JOL   ,U,720000,0,JO,L,          ,2000,M12,2015,M12
JTU72000000JOR   ,U,720000,0,JO,R,          ,2000,M12,2015,M12
JTU72000000LDL   ,U,720000,0,LD,L,          ,2000,M12,2015,M12
JTU72000000LDR   ,U,720000,0,LD,R,          ,2000,M12,2015,M12
JTU72000000OSL   ,U,720000,0,OS,L,          ,2000,M12,2015,M12
JTU72000000OSR   ,U,720000,0,OS,R,          ,2000,M12,2015,M12
JTU72000000QUL   ,U,720000,0,QU,L,          ,2000,M12,2015,M12
JTU72000000QUR   ,U,720000,0,QU,R,          ,2000,M12,2015,M12
JTU72000000TSL   ,U,720000,0,TS,L,          ,2000,M12,2015,M12
JTU72000000TSR   ,U,720000,0,TS,R,          ,2000,M12,2015,M12
JTU81000000HIL   ,U,810000,0,HI,L,          ,2000,M12,2015,M12
JTU81000000HIR   ,U,810000,0,HI,R,          ,2000,M12,2015,M12
JTU81000000JOL   ,U,810000,0,JO,L,          ,2000,M12,2015,M12
JTU81000000JOR   ,U,810000,0,JO,R,          ,2000,M12,2015,M12
JTU81000000LDL   ,U,810000,0,LD,L,          ,2000,M12,2015,M12
JTU81000000LDR   ,U,810000,0,LD,R,          ,2000,M12,2015,M12
JTU81000000OSL   ,U,810000,0,OS,L,          ,2000,M12,2015,M12
JTU81000000OSR   ,U,810000,0,OS,R,          ,2000,M12,2015,M12
JTU81000000QUL   ,U,810000,0,QU,L,          ,2000,M12,2015,M12
JTU81000000QUR   ,U,810000,0,QU,R,          ,2000,M12,2015,M12
JTU81000000TSL   ,U,810000,0,TS,L,          ,2000,M12,2015,M12
JTU81000000TSR   ,U,810000,0,TS,R,          ,2000,M12,2015,M12
JTU90000000HIL   ,U,900000,0,HI,L,          ,2000,M12,2015,M12
JTU90000000HIR   ,U,900000,0,HI,R,          ,2000,M12,2015,M12
JTU90000000JOL   ,U,900000,0,JO,L,          ,2000,M12,2015,M12
JTU90000000JOR   ,U,900000,0,JO,R,          ,2000,M12,2015,M12
JTU90000000LDL   ,U,900000,0,LD,L,          ,2000,M12,2015,M12
JTU90000000LDR   ,U,900000,0,LD,R,          ,2000,M12,2015,M12
JTU90000000OSL   ,U,900000,0,OS,L,          ,2000,M12,2015,M12
JTU90000000OSR   ,U,900000,0,OS,R,          ,2000,M12,2015,M12
JTU90000000QUL   ,U,900000,0,QU,L,          ,2000,M12,2015,M12
JTU90000000QUR   ,U,900000,0,QU,R,          ,2000,M12,2015,M12
JTU90000000TSL   ,U,900000,0,TS,L,          ,2000,M12,2015,M12
JTU90000000TSR   ,U,900000,0,TS,R,          ,2000,M12,2015,M12
JTU91000000HIL   ,U,910000,0,HI,L,          ,2000,M12,2015,M12
JTU91000000HIR   ,U,910000,0,HI,R,          ,2000,M12,2015,M12
JTU91000000JOL   ,U,910000,0,JO,L,          ,2000,M12,2015,M12
JTU91000000JOR   ,U,910000,0,JO,R,          ,2000,M12,2015,M12
JTU91000000LDL   ,U,910000,0,LD,L,          ,2000,M12,2015,M12
JTU91000000LDR   ,U,910000,0,LD,R,          ,2000,M12,2015,M12
JTU91000000OSL   ,U,910000,0,OS,L,          ,2000,M12,2015,M12
JTU91000000OSR   ,U,910000,0,OS,R,          ,2000,M12,2015,M12
JTU91000000QUL   ,U,910000,0,QU,L,          ,2000,M12,2015,M12
JTU91000000QUR   ,U,910000,0,QU,R,          ,2000,M12,2015,M12
JTU91000000TSL   ,U,910000,0,TS,L,          ,2000,M12,2015,M12
JTU91000000TSR   ,U,910000,0,TS,R,          ,2000,M12,2015,M12
JTU92000000HIL   ,U,920000,0,HI,L,          ,2000,M12,2015,M12
JTU92000000HIR   ,U,920000,0,HI,R,          ,2000,M12,2015,M12
JTU92000000JOL   ,U,920000,0,JO,L,          ,2000,M12,2015,M12
JTU92000000JOR   ,U,920000,0,JO,R,          ,2000,M12,2015,M12
JTU92000000LDL   ,U,920000,0,LD,L,          ,2000,M12,2015,M12
JTU92000000LDR   ,U,920000,0,LD,R,          ,2000,M12,2015,M12
JTU92000000OSL   ,U,920000,0,OS,L,          ,2000,M12,2015,M12
JTU92000000OSR   ,U,920000,0,OS,R,          ,2000,M12,2015,M12
JTU92000000QUL   ,U,920000,0,QU,L,          ,2000,M12,2015,M12
JTU92000000QUR   ,U,920000,0,QU,R,          ,2000,M12,2015,M12
JTU92000000TSL   ,U,920000,0,TS,L,          ,2000,M12,2015,M12
JTU92000000TSR   ,U,920000,0,TS,R,          ,2000,M12,2015,M12